{
    "bicycle": 0.03076889246919254,
    "bus": 0.08974315132116895,
    "car": 0.032332072107696216,
    "fire hydrant": 0.11320707992358994,
    "motorcycle": 0.05373100550000125,
    "parking meter": 0.11999963040109839,
    "stop sign": 0.2597397537537005,
    "traffic light": 0.03960347064616994,
    "truck": 0.027396958625945267
}