{
    "bicycle": 0.0714285697278912,
    "bus": 0.13861386001372417,
    "car": 0.037234042454164784,
    "fire hydrant": 0.1538461499013808,
    "motorcycle": 0.12499999826388891,
    "parking meter": 0.24999997916666838,
    "stop sign": 0.2702702629656686,
    "traffic light": 0.04651162682531101,
    "truck": 0.07407407270233199
}