{
    "bicycle": 0.019607843009099065,
    "bus": 0.06635071058601559,
    "car": 0.028571428513119532,
    "fire hydrant": 0.08955223746936959,
    "motorcycle": 0.034220532189275545,
    "parking meter": 0.07894736634349037,
    "stop sign": 0.24999999375000018,
    "traffic light": 0.03448275802615935,
    "truck": 0.016806722618459148
}