{
    "bicycle": 0.27550985875719064,
    "bus": 0.5192303280534586,
    "car": 0.23990723573812694,
    "fire hydrant": 0.5849051842296318,
    "motorcycle": 0.332343868943461,
    "parking meter": 0.39999961920032256,
    "stop sign": 0.5974020826450457,
    "traffic light": 0.316831187923507,
    "truck": 0.17123257407633963
}