{
    "bicycle": 0.6279069621416986,
    "bus": 0.8019801900794041,
    "car": 0.2758620682337876,
    "fire hydrant": 0.7948717744904674,
    "motorcycle": 0.7567567465303142,
    "parking meter": 0.8333332638888947,
    "stop sign": 0.6216216048210378,
    "traffic light": 0.37209301460248806,
    "truck": 0.46296295438957497
}