{
    "bicycle": 0.1764705870818916,
    "bus": 0.3838862541048045,
    "car": 0.21224489752603082,
    "fire hydrant": 0.46268656025840954,
    "motorcycle": 0.21292775584438114,
    "parking meter": 0.26315788781163457,
    "stop sign": 0.5749999856250004,
    "traffic light": 0.2758620642092748,
    "truck": 0.10504201636536968
}