{
    "bicycle": 0.4455441825804397,
    "bus": 0.6325874160196575,
    "car": 0.43052342376341396,
    "fire hydrant": 0.7289714808283196,
    "motorcycle": 0.44897923154496283,
    "parking meter": 0.47999961600026725,
    "stop sign": 0.8831163609380464,
    "traffic light": 0.43137204998133444,
    "truck": 0.27397229939984113
}