{
    "bicycle": 0.9183673281965852,
    "bus": 0.9705882257785469,
    "car": 0.48711340080640875,
    "fire hydrant": 0.9749999756250006,
    "motorcycle": 0.9624999879687501,
    "parking meter": 0.9999999166666736,
    "stop sign": 0.9189188940832732,
    "traffic light": 0.4999999886363639,
    "truck": 0.74074072702332
}