{
    "bicycle": 0.294117645136486,
    "bus": 0.4691943105725388,
    "car": 0.3857142849271137,
    "fire hydrant": 0.5820895435509024,
    "motorcycle": 0.2927756642860241,
    "parking meter": 0.31578946537396146,
    "stop sign": 0.8499999787500006,
    "traffic light": 0.3793103382877528,
    "truck": 0.1680672261845915
}